{
  "#D5FDC4": [
    [
      106.11111111111111,
      824.4444444444445
    ]
  ],
  "#A8EEF4": [
    [
      108.05555555555556,
      873.8888888888889
    ]
  ],
  "#361735": [
    [
      113.33333333333333,
      779.4444444444445
    ],
    [
      130.27777777777777,
      732.2222222222222
    ]
  ],
  "#089A18": [
    [
      189.16666666666666,
      521.6666666666666
    ],
    [
      243.88888888888889,
      581.1111111111111
    ],
    [
      255.55555555555554,
      535.8333333333334
    ],
    [
      262.5,
      499.72222222222223
    ]
  ],
  "#8DCA17": [
    [
      198.88888888888889,
      878.0555555555555
    ]
  ],
  "#024306": [
    [
      209.72222222222223,
      190.83333333333334
    ]
  ],
  "#316197": [
    [
      233.33333333333331,
      643.6111111111111
    ],
    [
      241.11111111111111,
      680.2777777777777
    ]
  ],
  "#A40A09": [
    [
      235.83333333333331,
      731.1111111111111
    ],
    [
      293.88888888888886,
      774.4444444444445
    ],
    [
      356.38888888888886,
      830.8333333333333
    ]
  ],
  "#60C072": [
    [
      288.88888888888886,
      463.88888888888886
    ],
    [
      306.38888888888886,
      432.22222222222223
    ],
    [
      326.6666666666667,
      407.22222222222223
    ],
    [
      386.66666666666663,
      466.66666666666663
    ]
  ],
  "#E55D9D": [
    [
      318.3333333333333,
      648.6111111111111
    ]
  ],
  "#9400D3": [
    [
      349.1666666666667,
      392.22222222222223
    ],
    [
      401.38888888888886,
      355.8333333333333
    ]
  ],
  "#00FA9A": [
    [
      358.88888888888886,
      685.2777777777777
    ],
    [
      434.72222222222223,
      806.1111111111111
    ]
  ],
  "#7FFF00": [
    [
      417.77777777777777,
      230.0
    ],
    [
      439.72222222222223,
      281.38888888888886
    ]
  ],
  "#3CB371": [
    [
      446.38888888888886,
      533.8888888888889
    ]
  ],
  "#48D1CC": [
    [
      474.72222222222223,
      329.44444444444446
    ]
  ],
  "#FFB6C1": [
    [
      515.5555555555555,
      609.7222222222222
    ]
  ],
  "#FF8C00": [
    [
      532.7777777777777,
      326.6666666666667
    ],
    [
      604.7222222222222,
      344.72222222222223
    ]
  ],
  "#FF6347": [
    [
      540.0,
      761.9444444444445
    ]
  ],
  "#B0E0E6": [
    [
      591.3888888888889,
      864.7222222222222
    ]
  ],
  "#8B008B": [
    [
      604.7222222222222,
      294.72222222222223
    ]
  ],
  "#40E0D0": [
    [
      614.7222222222222,
      696.3888888888889
    ]
  ],
  "#00FF7F": [
    [
      616.9444444444445,
      235.27777777777777
    ],
    [
      654.1666666666666,
      194.44444444444443
    ]
  ],
  "#32CD32": [
    [
      641.9444444444445,
      287.77777777777777
    ]
  ],
  "#8A2BE2": [
    [
      653.6111111111111,
      841.1111111111111
    ]
  ],
  "#20B2AA": [
    [
      660.5555555555555,
      370.0
    ]
  ],
  "#87CEEB": [
    [
      690.8333333333334,
      159.16666666666666
    ]
  ],
  "#483D8B": [
    [
      700.2777777777777,
      520.2777777777777
    ]
  ],
  "#0000CD": [
    [
      708.3333333333334,
      102.77777777777777
    ]
  ],
  "#5F9EA0": [
    [
      716.1111111111111,
      419.16666666666663
    ]
  ],
  "#6B8E23": [
    [
      716.6666666666666,
      250.55555555555554
    ]
  ],
  "#FFD700": [
    [
      734.7222222222222,
      653.3333333333334
    ]
  ],
  "#8B0000": [
    [
      739.7222222222222,
      756.9444444444445
    ]
  ],
  "#FFB6C1": [
    [
      746.3888888888889,
      142.22222222222223
    ]
  ],
  "#FFDEAD": [
    [
      763.8888888888889,
      488.6111111111111
    ]
  ],
  "#66CDAA": [
    [
      786.9444444444445,
      543.0555555555555
    ]
  ],
  "#FFFF00": [
    [
      790.2777777777777,
      645.5555555555555
    ],
    [
      793.8888888888889,
      587.7777777777777
    ]
  ],
  "#32CD32": [
    [
      833.8888888888889,
      706.6666666666666
    ]
  ],
  "#808000": [
    [
      842.5,
      871.1111111111111
    ]
  ],
  "#FF00FF": [
    [
      866.6666666666666,
      787.2222222222222
    ],
    [
      35.55555555555556,
      831.3888888888889
    ]
  ],
  "#FA8072": [
    [
      904.1666666666666,
      646.9444444444445
    ],
    [
      950.5555555555555,
      630.8333333333334
    ]
  ],
  "#7CFC00": [
    [
      926.3888888888889,
      781.6666666666666
    ]
  ],
  "#8B4513": [
    [
      931.9444444444445,
      871.1111111111111
    ]
  ],
  "#008080": [
    [
      965.8333333333333,
      748.8888888888889
    ]
  ],
  "#FFA500": [
    [
      977.2222222222222,
      609.1666666666666
    ]
  ]
}
