{
    "#0E1265": [
        [
            18.757026285916695,
            413.33764698378445
        ]
    ],
    "#0D7ADB": [
        [
            479.5109535329471,
            18.385086696584523
        ],
        [
            476.05920432880714,
            18.680410841462667
        ]
    ],
    "#B91F0B": [
        [
            154.491681327308,
            90.09925635189795
        ]
    ]
}