{
    "#0BE156": [
        [
            493.7910954813892,
            131.16513816129648
        ],
        [
            517.0725475118257,
            120.38917955745558
        ]
    ],
    "#401011": [
        [
            72.084522582144,
            284.37463447531303
        ]
    ],
    "#6220AE": [
        [
            263.8226048779123,
            140.91902350988553
        ],
        [
            223.9320826392884,
            149.21106576849138
        ]
    ]
}