{
    "#F4B725": [
        [
            443.77255418355765,
            304.27475564105083
        ],
        [
            441.82879954897146,
            293.2709122630818
        ],
        [
            445.5310323356588,
            307.4084078671945
        ]
    ],
    "#DA4DCA": [
        [
            977.041694836051,
            228.36961133736372
        ],
        [
            937.3281784563922,
            298.8175528195505
        ],
        [
            986.5953277252364,
            346.1742301119034
        ],
        [
            882.9950812565313,
            206.7730706261008
        ],
        [
            967.7424999263011,
            349.1078485480971
        ],
        [
            871.3110624738283,
            380.2061376799262
        ],
        [
            843.3196647013731,
            396.3060055764273
        ],
        [
            949.1871831497511,
            329.2070455296815
        ],
        [
            953.3576312039131,
            319.44418765589114
        ],
        [
            934.9768362787444,
            342.0068801417918
        ],
        [
            856.825320204084,
            349.6786244614149
        ],
        [
            962.0379472148351,
            309.2135245402632
        ],
        [
            956.96932591673,
            303.7398906472382
        ],
        [
            917.428449520899,
            313.22466192920814
        ],
        [
            950.7364137159955,
            317.81871269029716
        ],
        [
            905.9793242408522,
            339.9975321815867
        ],
        [
            1030.5379201359003,
            207.60521513623837
        ]
    ],
    "#A48985": [
        [
            623.1994868086684,
            102.78118752612845
        ]
    ],
    "#627E9F": [
        [
            1090.4136207842705,
            574.7911598370308
        ],
        [
            1082.0881995007448,
            598.0093934507365
        ],
        [
            1054.9553722680198,
            579.9429941640942
        ],
        [
            1076.8180105338636,
            590.2362432874421
        ],
        [
            1052.834746526091,
            603.5126302098902
        ],
        [
            1082.856765729757,
            598.6512164040977
        ],
        [
            1065.5863065567723,
            610.207373854913
        ],
        [
            1086.8593622752812,
            620.0849342133855
        ],
        [
            1038.205069977098,
            632.3899252533176
        ],
        [
            1067.3029644058017,
            612.3268891837727
        ],
        [
            1060.7382407769871,
            592.6892234916708
        ],
        [
            1083.5080904794409,
            586.5499782781043
        ]
    ],
    "#7FF9B1": [
        [
            1076.6364660850036,
            188.4910504631182
        ],
        [
            1071.205995168953,
            196.67973808083974
        ],
        [
            1080.7084253414464,
            187.3249765832516
        ],
        [
            1086.0971167618231,
            191.98345698019148
        ],
        [
            1086.152511741445,
            182.9655541801635
        ],
        [
            1073.5248605092318,
            206.47494613710523
        ],
        [
            1093.2007349274265,
            194.54572822220322
        ],
        [
            1077.7534115666135,
            193.66594114347038
        ],
        [
            1075.819376527209,
            193.9104241041545
        ],
        [
            1068.4769909365448,
            177.6541672062568
        ],
        [
            1077.8081238899856,
            192.60641946941686
        ]
    ],
    "#DEF351": [
        [
            976.7167478141439,
            876.2218054956437
        ],
        [
            976.6379275153944,
            876.291563971821
        ],
        [
            976.1776700001863,
            876.0701726963981
        ],
        [
            976.4331364377753,
            876.8374573390429
        ],
        [
            976.4605289554264,
            876.8841354560404
        ],
        [
            976.22428653491,
            876.3018864309731
        ],
        [
            976.0696276530603,
            875.8659529837865
        ],
        [
            975.9057317550697,
            876.3551557041229
        ],
        [
            976.263105917037,
            876.6028173956674
        ],
        [
            976.7027631875524,
            876.109491869179
        ],
        [
            976.1614183988166,
            876.3109643649527
        ],
        [
            976.6240887051314,
            876.1154599149921
        ],
        [
            976.371226645266,
            876.2107948704161
        ],
        [
            976.4896499811185,
            876.2945382328753
        ],
        [
            976.8302535779454,
            876.3263889246041
        ],
        [
            976.2710230370144,
            876.3968648861819
        ],
        [
            975.9807372157408,
            876.5131262037702
        ],
        [
            976.511992210344,
            876.3154081567959
        ],
        [
            976.2208745758842,
            876.0292986012311
        ],
        [
            976.2649169961535,
            876.2464610134534
        ],
        [
            976.1988659037027,
            876.3771555577348
        ],
        [
            976.3738136878292,
            876.3650535527963
        ],
        [
            976.2702676011423,
            876.6396082620519
        ],
        [
            976.0065918499467,
            876.4954254897993
        ],
        [
            976.5154474096638,
            876.0467054525976
        ],
        [
            976.4824022740135,
            876.5865048651133
        ],
        [
            976.091435173537,
            876.2985703221202
        ],
        [
            975.9399518626664,
            875.9343976381685
        ],
        [
            976.3898097086904,
            876.7076355069846
        ]
    ],
    "#1CA55F": [
        [
            137.4774656002371,
            544.5829040182376
        ],
        [
            149.88180599419633,
            457.080734387207
        ],
        [
            229.0784007815033,
            477.39869122780556
        ],
        [
            198.2681653197566,
            490.40101539134025
        ],
        [
            178.96322985184932,
            519.791322526351
        ],
        [
            49.306853553303284,
            443.1460035603699
        ],
        [
            249.64917690188224,
            435.19355250315243
        ],
        [
            306.7307579928728,
            481.22944946113114
        ],
        [
            323.41382915530386,
            589.9642054599253
        ],
        [
            281.46248593204376,
            578.1956027050185
        ],
        [
            347.51737594498013,
            463.3354311440355
        ],
        [
            136.11763062125186,
            665.0543018225792
        ]
    ],