{
    "#6265AB": [
        [
            1031.259398246374,
            373.31244204375605
        ],
        [
            1028.7093162298088,
            392.3209363795589
        ],
        [
            1046.6706183551362,
            370.61828541035896
        ],
        [
            1026.2858550622213,
            364.6557793738934
        ],
        [
            1037.0698113062251,
            376.85208410040036
        ],
        [
            1029.9251138590257,
            379.5100638153931
        ],
        [
            1048.681488398176,
            384.2978377677921
        ],
        [
            1039.1825148471196,
            383.45047800823005
        ],
        [
            1035.2456462675514,
            376.84061945660414
        ]
    ],
    "#AB8C72": [
        [
            1082.6229291576428,
            192.2485517238317
        ],
        [
            969.9466184675587,
            117.27587900066203
        ],
        [
            1020.4124517913009,
            73.12461120575375
        ],
        [
            1093.2728086353382,
            103.87525843913176
        ],
        [
            1123.1400331938746,
            43.788932045908936
        ],
        [
            977.6445138303184,
            147.3417012904485
        ],
        [
            1049.0679120605594,
            99.9584377366287
        ],
        [
            986.8244200980818,
            144.21603718533828
        ],
        [
            1023.0136621577813,
            159.48342613635236
        ],
        [
            1070.1850352710953,
            106.91996149144055
        ],
        [
            1070.1722433686557,
            124.33520241486087
        ],
        [
            1051.338347138078,
            111.08609189478206
        ],
        [
            1102.836483032924,
            60.46491390775357
        ],
        [
            1103.56039596157,
            140.75742898726867
        ]
    ],
    "#58E6E2": [
        [
            261.04166107371105,
            354.153249805491
        ],
        [
            515.547314425478,
            481.8045259033517
        ],
        [
            553.974090734719,
            708.5446377336815
        ],
        [
            382.254544517625,
            302.5830781933109
        ],
        [
            431.4977668486773,
            484.89286189442316
        ],
        [
            433.1081569244096,
            632.8773705685046
        ],
        [
            542.4879001299149,
            455.5218291099186
        ],
        [
            599.4817667786289,
            307.1700761312386
        ],
        [
            428.7161388631449,
            516.4909150591027
        ],
        [
            436.7263140168198,
            621.3937767416285
        ],
        [
            540.756615992112,
            413.91204198290626
        ],
        [
            465.0678164755604,
            511.45070217528115
        ],
        [
            512.8981607086064,
            501.98736391133787
        ],
        [
            618.5056412847302,
            399.38572021437386
        ],
        [
            390.35597201187807,
            528.506926985904
        ],
        [
            466.1228472285625,
            519.3425120435678
        ],
        [
            464.1682392531883,
            268.2717321979537
        ],
        [
            435.50574038120055,
            561.3625056798588
        ],
        [
            465.21625357962284,
            516.8558859704855
        ],
        [
            363.4997428200742,
            530.5814224670053
        ],
        [
            467.552710310256,
            519.0704955439834
        ],
        [
            463.2484781054621,
            345.37791131304726
        ]
    ],
    "#D237D4": [
        [
            49.477463981892534,
            737.5261896549446
        ],
        [
            47.94463952227057,
            737.3732138511491
        ],
        [
            48.658683092470156,
            736.8918550616423
        ],
        [
            48.57660415386105,
            737.991688651674
        ],
        [
            48.47519729004472,
            738.2260492353408
        ],
        [
            48.61943424038397,
            738.0747010575136
        ],
        [
            48.88510527839206,
            738.0605008724742
        ],
        [
            47.73850845083534,
            737.7611117268148
        ],
        [
            48.19234112243538,
            738.4798739813226
        ],
        [
            48.83418384377648,
            738.1571590590305
        ],
        [
            48.97450544204825,
            737.4959365033367
        ],
        [
            49.44699709354306,
            738.1139509361366
        ],
        [
            48.327653485433395,
            738.8820284513267
        ],
        [
            48.0142573519835,
            737.8990780908333
        ],
        [
            48.991202677442836,
            737.4887129370854
        ],
        [
            48.04690521496477,
            737.7512476298598
        ],
        [
            48.55817839521264,
            738.9844074570917
        ],
        [
            48.64464855503069,
            738.0356236628595
        ],
        [
            49.004733610354975,
            737.969787604077
        ],
        [
            48.34277722098803,
            737.2438361688422
        ],
        [
            47.83016882455314,
            738.0188269351117
        ],
        [
            48.24451418341264,
            738.6746245028514
        ],
        [
            48.7489969649211,
            738.0523283164666
        ],
        [
            48.69103554953287,
            738.0825861248295
        ],
        [
            49.548570218904736,
            738.3683114958066
        ],
        [
            48.10542960804213,
            738.8202414519044
        ],
        [
            49.20528732378321,
            737.5078849455286
        ],
        [
            48.9542908542794,
            737.779802030063
        ],
        [
            48.08973823234637,
            737.6771078129916
        ]
    ],
    "#9CDB56": [
        [
            837.569827892265,
            867.7547432123731
        ],
        [
            842.4674420403526,
            852.1812148369687
        ],
        [
            891.4721041421021,
            835.5906994667656
        ],
        [
            874.0081219610927,
            841.2479054748756
        ],
        [
            887.4224726874156,
            874.070723722129
        ],
        [
            882.7978531006577,
            870.1304612634084
        ],
        [
            856.895611271003,
            874.8013391279918
        ],
        [
            874.0668362906046,
            830.0074082695037
        ],
        [
            870.1637380859228,
            840.3303675627187
        ],
        [
            872.4552662844343,
            841.6329886091223
        ],
        [
            892.1697476038669,
            832.6156155015983
        ],
        [
            870.3777256921817,
            841.483497481687
        ],
        [
            842.7612940329896,
            824.1557240415103
        ],
        [
            866.7667161738061,
            835.0242040841727
        ],
        [
            902.9559182680805,
            829.8257960827644
        ],
        [
            888.7293251594398,
            829.2225970335583
        ],
        [
            850.6095501606254,
            834.1221720987315
        ],
        [
            871.0477609760022,
            827.4858011019131
        ]
    ],