{
    "#749A82": [
        [
            488.830892764157,
            661.2832338389609
        ],
        [
            486.28881111477887,
            653.7136258099634
        ],
        [
            494.0843044947984,
            652.536126907908
        ],
        [
            486.00022905671295,
            652.5220404210709
        ],
        [
            487.0783744650024,
            652.8483249191116
        ],
        [
            488.6002931359535,
            642.911831189021
        ],
        [
            478.4663755789539,
            648.0402292800642
        ],
        [
            489.07172393706827,
            642.6565504642041
        ],
        [
            484.14497114802043,
            653.1488534681592
        ],
        [
            482.59858638574167,
            650.9200414313458
        ],
        [
            482.24437505853143,
            644.7343731295609
        ],
        [
            490.9038237968971,
            649.7770117442439
        ],
        [
            484.88077510426814,
            651.9552718703775
        ],
        [
            484.05170344473464,
            659.2846168619618
        ],
        [
            482.48213471732566,
            652.4456098866948
        ],
        [
            484.8600446720513,
            652.3834101556736
        ],
        [
            480.91434452387693,
            649.0218599908775
        ],
        [
            486.28771695071873,
            653.1746594586585
        ],
        [
            482.1824610298602,
            653.7494539038171
        ],
        [
            490.6611763749182,
            657.8070446726362
        ],
        [
            493.7472227225555,
            655.3865020729794
        ],
        [
            481.73377570776154,
            645.9395587850971
        ],
        [
            491.46841116878784,
            644.7279647481189
        ],
        [
            476.0692415860672,
            651.3483690416457
        ]
    ],
    "#15A4BE": [
        [
            785.2405096504166,
            505.8388562116436
        ],
        [
            888.9141316941342,
            510.78137281956936
        ],
        [
            882.3411775942704,
            613.8072163832094
        ],
        [
            905.862082118196,
            546.7489115661604
        ],
        [
            788.2877998707585,
            550.4346639080229
        ],
        [
            768.1776448132665,
            524.2534120534131
        ],
        [
            742.7429508414077,
            521.2874199367449
        ],
        [
            773.9496476844171,
            493.48187133919305
        ],
        [
            909.7097405996785,
            438.70932462004066
        ],
        [
            788.9359290055531,
            462.9334710616909
        ],
        [
            914.1336800871127,
            587.4556272844852
        ],
        [
            972.0118219599656,
            582.5360692293063
        ],
        [
            871.9142193026508,
            505.73747760959463
        ],
        [
            756.4875556856703,
            514.560335075553
        ],
        [
            804.0065869512257,
            502.8269044060529
        ],
        [
            847.613139622407,
            508.82479384568416
        ]
    ],
    "#9882ED": [
        [
            245.18813467053408,
            851.9237221138266
        ],
        [
            240.25585125212484,
            853.7372503148209
        ],
        [
            248.17677571868936,
            850.3155333977102
        ],
        [
            249.17759475827367,
            851.9666709491358
        ],
        [
            241.66236015118395,
            857.293240675885
        ],
        [
            242.36863461209072,
            854.5330976515357
        ],
        [
            241.7173917356025,
            850.438323207414
        ],
        [
            238.54619150248791,
            854.5911911788352
        ],
        [
            246.89708750914232,
            854.2634555588896
        ],
        [
            241.00606004331766,
            854.064488306496
        ],
        [
            239.2159040068988,
            852.6321047543795
        ],
        [
            247.84029269495716,
            851.3821403682604
        ],
        [
            242.76895562371365,
            853.9634562393894
        ],
        [
            242.97258373484007,
            857.7059537846361
        ]
    ],
    "#BE2B9B": [
        [
            923.1471968199178,
            97.37417705123326
        ],
        [
            871.9079899111712,
            65.39180981831647
        ],
        [
            889.954773433055,
            83.12107833402703
        ],
        [
            886.7105180472774,
            73.57094014011453
        ],
        [
            905.0399879799838,
            95.3286173393857
        ],
        [
            885.6218961952866,
            76.53188968790076
        ],
        [
            892.844717229475,
            23.073600896372646
        ],
        [
            861.6216568757661,
            96.4566740999431
        ],
        [
            888.0841887365768,
            85.19974247489836
        ],
        [
            885.8517725866587,
            63.47071002235152
        ]
    ],
    "#8552E5": [
        [
            858.1327681870366,
            273.2906964246502
        ],
        [
            842.7787515278258,
            290.4042895454875
        ],
        [
            840.2828158098707,
            240.73677596619746
        ]
    ],
    "#40AF70": [
        [
            732.3013346949626,
            835.8782881761617
        ],
        [
            743.5320462146817,
            830.058432982672
        ],
        [
            752.6802026766419,
            832.3337820462812
        ],
        [
            726.0726603081323,
            818.5558837884108
        ],
        [
            732.5049226201767,
            856.7975191430502
        ],
        [
            741.063456488901,
            850.0950150059501
        ]
    ],
    "#DD8529": [
        [
            1008.0120096652503,
            83.81637580430099
        ],
        [
            1008.6692051703719,
            83.95638320407619
        ],
        [
            1008.547923550851,
            84.61379780359326
        ],
        [
            1008.1625222924112,
            83.17600099067337
        ],
        [
            1007.7964512872761,
            84.772864556667
        ],
        [
            1008.216649501153,
            84.01931843966607
        ],
        [
            1008.0971722760324,
            83.5288363260457
        ],
        [
            1008.9660826192238,
            83.71128263998371
        ],
        [
            1008.0846620451707,
            84.09871869769432
        ],
        [
            1008.4786119404652,
            83.51820575396783
        ],
        [
            1008.3227685506643,
            84.39411596953687
        ],
        [
            1007.0325090910318,
            84.05153784649173
        ]
    ],
    "#F1DFCE": [
        [
            29.334684867063025,
            285.1000702004026
        ],
        [
            31.395434605774664,
            285.26368085711914
        ],
        [
            32.44321761296899,
            286.404551727494
        ],
        [
            31.72275291037421,
            288.9727744728688
        ],
        [
            31.609151697114946,
            289.4423049134592
        ],
        [
            30.669572891142032,
            286.9660558985061
        ],
        [
            30.393713543343882,
            287.37477417017703
        ],
        [
            30.5023580057849,
            286.9534199770231
        ]
    ],