{
    "#50ED5F": [
        [
            1009.7805421682959,
            860.5900785593906
        ],
        [
            1010.4070118070612,
            861.0859555364642
        ],
        [
            1009.6772894411099,
            860.6742400992168
        ],
        [
            1010.2995996453783,
            860.7469481933774
        ],
        [
            1010.4248128394578,
            861.1957010851105
        ],
        [
            1009.6681054303333,
            861.3068113104215
        ],
        [
            1009.6499447795394,
            860.1512473828469
        ],
        [
            1008.9647489846784,
            860.2423866293395
        ],
        [
            1009.6421572042361,
            860.7647275417426
        ],
        [
            1009.4121716802662,
            860.590006562207
        ],
        [
            1010.263517519596,
            860.805507368046
        ],
        [
            1010.0254418462548,
            860.9739471885181
        ],
        [
            1009.7060150421013,
            860.7835741205528
        ],
        [
            1009.2046940982445,
            860.0662014377532
        ],
        [
            1009.234659034862,
            860.0027597255423
        ],
        [
            1009.5215317988078,
            860.6679321160797
        ],
        [
            1009.0437830256002,
            860.9179192853984
        ],
        [
            1010.1636967363103,
            860.717261357688
        ]
    ],
    "#180C12": [
        [
            980.4781142927611,
            463.7336026309135
        ],
        [
            957.1448259498688,
            435.49173399452707
        ],
        [
            934.5948832221583,
            391.0401398152597
        ],
        [
            1066.2330179585101,
            470.3516762571937
        ],
        [
            1027.7607132489225,
            421.41280182979233
        ]
    ],
    "#B99D5F": [
        [
            329.68632167628874,
            379.15238477269014
        ],
        [
            342.533727978368,
            339.5616259813293
        ],
        [
            352.5537016850502,
            437.0660765738607
        ],
        [
            353.7618801741597,
            360.95781910097014
        ],
        [
            329.8866625895359,
            396.11067073433236
        ],
        [
            331.69976166113884,
            396.6634651432317
        ],
        [
            332.67201984644026,
            388.0198493964183
        ],
        [
            346.37589738641145,
            383.76001430256775
        ],
        [
            332.12872659128567,
            437.0251650329408
        ],
        [
            350.51022348823614,
            391.9273082334272
        ],
        [
            296.2371593130282,
            385.41987726630856
        ],
        [
            320.6732241521818,
            384.52440737244694
        ],
        [
            381.76691839992105,
            393.94345641322104
        ],
        [
            319.3545859519236,
            392.5904877359015
        ],
        [
            333.143106257625,
            387.7065314646141
        ],
        [
            330.8033115514404,
            395.6327379930896
        ],
        [
            335.9975092335897,
            394.9135352260498
        ]
    ],
    "#BD96DC": [
        [
            1026.8319676091246,
            721.9020558400157
        ],
        [
            1036.534972240661,
            741.6305916193547
        ],
        [
            1017.4796493737581,
            703.1251482655657
        ],
        [
            1037.7157034195727,
            647.3074579752376
        ],
        [
            1031.2778739179214,
            734.2750588042225
        ],
        [
            988.2470260561421,
            762.9854026189176
        ],
        [
            1023.9232233513352,
            744.5599479816001
        ],
        [
            1077.0162984152603,
            776.6377804712845
        ],
        [
            1031.7064209591742,
            729.2336297145216
        ],
        [
            1005.7052305052201,
            775.4653104592635
        ],
        [
            1083.984747297424,
            745.3262726776702
        ],
        [
            1034.1435347702736,
            677.4545923280551
        ],
        [
            1047.996711051168,
            714.8607460345044
        ],
        [
            1029.35708703357,
            722.0568832605137
        ],
        [
            1026.1558964459523,
            716.767992903448
        ]
    ],
    "#3FD437": [
        [
            37.54016276495096,
            126.30834085618021
        ],
        [
            30.9047819963627,
            109.31077262846912
        ],
        [
            28.224639563861494,
            118.57423936798033
        ],
        [
            32.424356455861606,
            108.76816991028122
        ],
        [
            15.341370637353501,
            108.23981443399576
        ],
        [
            39.93741831722211,
            109.91190639472906
        ],
        [
            39.34995407620808,
            127.34468757179698
        ],
        [
            28.603649072680536,
            134.0739369519955
        ],
        [
            33.15383404495055,
            108.13145866360978
        ],
        [
            29.532548659244647,
            114.35903074302972
        ],
        [
            30.03740439808002,
            117.56954605199002
        ],
        [
            20.692096488215675,
            113.36058489992928
        ],
        [
            23.146157171671426,
            111.3737383660631
        ],
        [
            28.10159216350108,
            129.5134552775323
        ],
        [
            23.496922568018277,
            105.37674222639745
        ],
        [
            23.50276003611938,
            106.33855841304968
        ],
        [
            26.257125673720875,
            117.00158331532009
        ],
        [
            24.40369917743116,
            116.72947332590398
        ],
        [
            38.053051777599585,
            118.95560627858677
        ],
        [
            22.416066540894622,
            115.10770850080704
        ],
        [
            36.890699016667256,
            123.25918924995004
        ],
        [
            31.583411494468965,
            104.63537718312105
        ]
    ],