{
    "#F81730": [
        [
            37.422175658753666,
            115.75051536350921
        ],
        [
            33.54181247980609,
            112.30206927559342
        ],
        [
            35.708880643894986,
            122.65100543140943
        ],
        [
            30.862409955327454,
            135.44035934011464
        ],
        [
            33.97534766616696,
            109.0701105284807
        ],
        [
            46.03271214543396,
            114.76436551867795
        ],
        [
            30.521237567989065,
            120.1887344816543
        ],
        [
            47.54407237007084,
            136.70277668813642
        ],
        [
            16.720755455910883,
            119.7961395779414
        ],
        [
            30.83101550478205,
            122.09895719494008
        ],
        [
            33.843188513358044,
            118.89109980483121
        ],
        [
            31.397406801346648,
            115.02203342523899
        ],
        [
            36.252219143099,
            118.53758891869562
        ],
        [
            29.82729556496827,
            121.69343439076643
        ],
        [
            31.614132834807513,
            119.60341667648679
        ],
        [
            39.189549776714045,
            117.3395377841612
        ],
        [
            31.11038419391056,
            120.28614285435448
        ],
        [
            33.18841177429128,
            120.24243300401031
        ],
        [
            30.713248288121797,
            130.37310896343226
        ],
        [
            45.83821522060198,
            130.96449528463006
        ],
        [
            25.450242871101064,
            111.43935538188367
        ]
    ],
    "#E54DEA": [
        [
            12.343332243148794,
            238.74178704092054
        ],
        [
            30.900227113070752,
            256.9723653827906
        ],
        [
            51.3558832875344,
            234.5697465444101
        ],
        [
            51.49941264977038,
            233.11896539021825
        ],
        [
            31.77784632652546,
            241.2922160886909
        ],
        [
            27.850603355661384,
            245.53858601719148
        ],
        [
            11.680465783812586,
            240.44616839219776
        ]
    ],
    "#8C65D3": [
        [
            759.9046985967817,
            363.50501034096976
        ],
        [
            706.7981176225472,
            363.2804219663924
        ],
        [
            760.2465881803819,
            449.90546345787067
        ],
        [
            822.4529444698636,
            520.2284981070127
        ],
        [
            743.8773149951064,
            576.6028962973483
        ],
        [
            752.7131967962717,
            434.6696956270033
        ],
        [
            768.5060210994121,
            452.8879578980486
        ],
        [
            764.6069480983173,
            526.311392105679
        ],
        [
            799.6211911321592,
            474.4042391922695
        ],
        [
            661.8834092123694,
            410.4393173040732
        ],
        [
            787.6424783829427,
            559.3811916802125
        ],
        [
            804.03824181043,
            471.3312669703196
        ],
        [
            703.8543711014477,
            298.15227447402077
        ],
        [
            733.2615600977301,
            442.39861654896487
        ],
        [
            732.9529260564935,
            440.0494475184495
        ],
        [
            731.7606632425473,
            374.79845198744493
        ],
        [
            664.7201909241492,
            567.6586494413118
        ],
        [
            706.912052273313,
            443.9773627111957
        ],
        [
            718.119303138776,
            483.58711994271073
        ],
        [
            733.0413605548179,
            459.8686192111513
        ],
        [
            637.2593659321946,
            419.16414741635816
        ],
        [
            733.9935828590238,
            434.9480165191832
        ],
        [
            688.888784246804,
            377.8966421338102
        ],
        [
            725.6071550328662,
            422.2822394312788
        ],
        [
            737.5561259099577,
            408.63645816558653
        ],
        [
            785.8301078837815,
            393.070107851703
        ],
        [
            685.37160164732,
            458.03874305392156
        ],
        [
            630.3575137930886,
            514.151642223906
        ],
        [
            624.5406756003736,
            455.48182483962677
        ],
        [
            740.3621831790612,
            354.8129985428561
        ]
    ],
    "#289DD0": [
        [
            694.2932479837145,
            171.43347278905318
        ],
        [
            719.9475988064573,
            220.04196753943364
        ],
        [
            743.4649529374237,
            212.6777100971619
        ],
        [
            672.4883059713417,
            247.15302380437302
        ],
        [
            719.3976277956431,
            187.04397028127022
        ]
    ],
    "#8DC09B": [
        [
            975.6357616860714,
            22.607284459803722
        ]
    ],
    "#97F5A5": [
        [
            689.348005528813,
            28.250907147227014
        ],
        [
            687.0461463869266,
            35.73058939998165
        ],
        [
            648.9716951480259,
            33.43093202112433
        ],
        [
            679.6775816671134,
            30.111344862144836
        ],
        [
            669.6408996097883,
            30.64194027034079
        ],
        [
            669.883541479848,
            28.124644422851986
        ],
        [
            675.50753575109,
            37.70574924169139
        ],
        [
            692.1650602216135,
            30.201095267637257
        ],
        [
            659.2552091898245,
            30.121622564895866
        ],
        [
            665.793923353082,
            32.42712168838321
        ],
        [
            669.3132636530908,
            31.38724832681656
        ]
    ],
    "#A2F3A5": [
        [
            1055.782561818273,
            667.876076453704
        ],
        [
            987.9678251904386,
            720.1154457972196
        ],
        [
            994.0215587136254,
            749.0261166498656
        ],
        [
            1038.349948132396,
            739.5143211418309
        ],
        [
            1042.228474414709,
            716.6142081396582
        ],
        [
            1001.5202394677256,
            783.4091004018891
        ],
        [
            1015.7988818442851,
            732.7733125743453
        ],
        [
            1052.8522815950182,
            785.2183856757799
        ],
        [
            1022.5734080517151,
            786.4615867108247
        ]
    ],
    "#CDCA4D": [
        [
            1061.8333560293022,
            476.72816528693664
        ],
        [
            1055.4955305397793,
            486.230770663814
        ],
        [
            1031.9902328794044,
            467.64103785824517
        ],
        [
            1038.9207955863315,
            498.5567725023071
        ],
        [
            1022.5847449712203,
            460.3477627907203
        ],
        [
            1072.4151043762054,
            446.6598273665001
        ],
        [
            1012.109381519536,
            413.3286602558951
        ],
        [
            968.625413648654,
            501.73588806325375
        ],
        [
            952.5957602312411,
            409.15006417771747
        ],
        [
            1035.8777140978307,
            407.45905172211434
        ]
    ],