{
    "#DC71C6": [
        [
            1120.8654579340273,
            591.4137623093693
        ],
        [
            1093.5330348211671,
            595.9088313607853
        ],
        [
            1134.9717474735553,
            585.7604223917737
        ],
        [
            1144.659851232017,
            578.2680997477322
        ],
        [
            1135.7062276837182,
            571.7663507784424
        ],
        [
            1082.0002308817386,
            578.2447472046442
        ],
        [
            1121.5518960126308,
            562.1936457117653
        ],
        [
            1112.5347060490112,
            584.2873595585838
        ]
    ],
    "#9817D5": [
        [
            38.887930303232054,
            775.8941164828717
        ],
        [
            37.94808270322081,
            774.9674057482513
        ],
        [
            39.04673527158378,
            775.2594462490472
        ],
        [
            38.96860975159383,
            775.8972313729697
        ]
    ],
    "#CED759": [
        [
            114.26822130359524,
            155.44186262182774
        ],
        [
            116.8174605708424,
            171.46107317686082
        ],
        [
            122.15146606496724,
            154.78517108942395
        ],
        [
            134.70083987333868,
            182.20606475419507
        ],
        [
            139.30953345035786,
            175.34620425157252
        ],
        [
            105.33350053412404,
            191.72381119817055
        ],
        [
            85.39727264176821,
            145.51336785150576
        ],
        [
            95.03170727670356,
            116.70791202359882
        ],
        [
            109.1610654210844,
            177.37166368844257
        ],
        [
            111.69594913157377,
            161.12260521890025
        ],
        [
            131.10000816369748,
            159.97689951942277
        ],
        [
            98.91395253121735,
            159.4517045723422
        ],
        [
            67.23593678830223,
            153.1364615551593
        ],
        [
            89.9220077138085,
            166.01144992966124
        ],
        [
            78.94824268216269,
            151.07212784256566
        ]
    ],
    "#557F9C": [
        [
            1035.2824202014453,
            851.4016352623213
        ],
        [
            1060.061335796612,
            837.1650517499318
        ],
        [
            1024.6071595879098,
            838.5191728562963
        ],
        [
            1042.4969091772941,
            872.8629537123946
        ],
        [
            1056.606439117275,
            844.2669311169092
        ],
        [
            1049.620268439075,
            831.7093453559481
        ]
    ],
    "#1720B2": [
        [
            438.5656601271592,
            176.27166463899823
        ],
        [
            356.85708621060013,
            647.266026192791
        ],
        [
            293.17300614128925,
            454.42474949312657
        ],
        [
            520.9718212350909,
            605.4137315966808
        ],
        [
            498.39237218354486,
            294.2140567757097
        ],
        [
            437.91481845375023,
            203.81011619348064
        ],
        [
            410.7343188014502,
            411.47585679113644
        ],
        [
            461.1156357772422,
            278.666985386617
        ],
        [
            396.51498281099015,
            641.4810131562022
        ],
        [
            315.3613302275727,
            621.0505453505199
        ]
    ],
    "#9F533C": [
        [
            78.33252298702891,
            674.7781241196667
        ],
        [
            75.11610490257283,
            684.4787490814898
        ],
        [
            75.64702229197287,
            681.2403474253956
        ],
        [
            75.3700980242218,
            667.318669896953
        ],
        [
            80.20130006435426,
            676.0296456928975
        ]
    ],
    "#0BCA83": [
        [
            13.684056656382966,
            614.9697661139655
        ],
        [
            17.317293332367285,
            614.3399094135963
        ],
        [
            13.562210178293464,
            614.8379863851998
        ],
        [
            16.01244333835247,
            610.6536610578091
        ],
        [
            9.576765268025312,
            615.695608979328
        ]
    ],
    "#0E25C3": [
        [
            601.7707981105444,
            758.3386454058018
        ]
    ],
    "#1D501D": [
        [
            937.131723907191,
            641.6499087485005
        ],
        [
            964.5986474347917,
            534.3813782430341
        ],
        [
            896.8818499113718,
            429.2283348033204
        ],
        [
            791.777827848501,
            768.9981250189097
        ],
        [
            921.1637422345475,
            734.3071427189986
        ],
        [
            900.9394604854471,
            609.4772115025239
        ],
        [
            781.3262319960018,
            513.8969885340076
        ],
        [
            926.7280846275191,
            591.6088974359855
        ],
        [
            932.1283811258568,
            650.4842440387237
        ],
        [
            839.3845002672501,
            501.96757388744237
        ],
        [
            873.0707764975546,
            617.0520349708776
        ],
        [
            949.7603079036853,
            729.4324372173598
        ],
        [
            882.7475995029562,
            599.9798352474833
        ],
        [
            845.4890327659016,
            624.9755876110947
        ],
        [
            921.5498281024165,
            614.736402329981
        ]
    ],
    "#A9256C": [
        [
            593.3535569324765,
            200.90380317323175
        ],
        [
            761.0483633282537,
            117.82049791191822
        ],
        [
            728.2273591534276,
            129.92870267540752
        ],
        [
            661.9826807419614,
            131.29161712663958
        ]
    ],