{
    "#5610B5": [
        [
            903.6732413740128,
            412.9242605923524
        ],
        [
            776.1344086781389,
            290.6622883732431
        ],
        [
            792.8588719288236,
            300.32875461275023
        ],
        [
            853.8714523106951,
            374.7278837479328
        ],
        [
            980.3730818949075,
            543.3528838532784
        ]
    ],
    "#C2DF82": [
        [
            685.4231687142244,
            774.3985273563623
        ],
        [
            747.5905113543718,
            806.2127934985089
        ],
        [
            691.1390343113176,
            796.5827873853016
        ],
        [
            703.8233936298384,
            791.9199475825619
        ],
        [
            756.7884646770184,
            846.3101902981996
        ]
    ],
    "#217522": [
        [
            357.09548674799856,
            758.526267026083
        ],
        [
            356.1795654507202,
            754.8131035380933
        ],
        [
            325.03415423072477,
            777.2654363076516
        ],
        [
            338.0824833283824,
            777.5513215313537
        ],
        [
            379.9308453955929,
            751.2418787713501
        ]
    ],
    "#C885A9": [
        [
            272.64894205796605,
            361.1541978148505
        ],
        [
            284.8628744116219,
            393.14168348083103
        ]
    ],
    "#3EEE66": [
        [
            372.9138175358955,
            229.70671283086867
        ]
    ],
    "#D0C403": [
        [
            192.72293200876072,
            587.1945825633537
        ],
        [
            180.37543845046693,
            591.5821175991305
        ]
    ],
    "#51D939": [
        [
            382.11646659673414,
            99.19732924014401
        ],
        [
            340.3818447350831,
            103.67498775987367
        ],
        [
            386.24874246108635,
            95.7951555114734
        ],
        [
            357.8951609178977,
            82.57744578503315
        ],
        [
            357.06127577642513,
            56.8840366851536
        ],
        [
            334.03542348440754,
            70.5145314723533
        ],
        [
            403.72156740892854,
            94.79644280251281
        ]
    ],
    "#B9186A": [
        [
            682.1780768270081,
            75.32759821188904
        ],
        [
            712.8807114490019,
            43.97172476502277
        ],
        [
            688.563534764938,
            78.52015696098283
        ],
        [
            735.8216315018879,
            21.20628577784212
        ],
        [
            699.1552296326992,
            49.920854694089854
        ],
        [
            710.3516245284673,
            50.494632637131275
        ]
    ],
    "#54A4E1": [
        [
            304.55396639571705,
            834.6294170625639
        ],
        [
            302.56147096249845,
            826.8367935552365
        ],
        [
            310.3201650256577,
            826.714617076099
        ],
        [
            306.7898534792694,
            832.2704229169976
        ],
        [
            311.0254633430916,
            824.0656999252748
        ],
        [
            300.29545158346014,
            828.2121393665974
        ],
        [
            314.5183109992093,
            835.8934654614976
        ],
        [
            314.36323410832125,
            822.4737836138411
        ]
    ],
    "#3CE65C": [
        [
            1034.6049160089062,
            170.1983850005728
        ],
        [
            1013.24836749702,
            88.19330298698465
        ]
    ]
}