{
    "#3E94A2": [
        [
            134.26370223507425,
            447.91765409786
        ],
        [
            72.41865961612173,
            464.5518668991242
        ],
        [
            219.1371488546187,
            325.4801250581796
        ],
        [
            70.14977606237446,
            423.7012944966145
        ],
        [
            229.36942620593038,
            500.8421512865658
        ],
        [
            82.44214557833041,
            502.0169689051383
        ],
        [
            125.32875289941738,
            403.9573284757275
        ],
        [
            151.94678964040148,
            413.40240815829134
        ],
        [
            107.08079655835638,
            438.8574163115203
        ],
        [
            235.56677609174585,
            443.6493421989896
        ],
        [
            143.3844790086815,
            460.8016411929778
        ],
        [
            199.825902876219,
            514.5825221700752
        ],
        [
            234.95400899774566,
            466.71769198279816
        ],
        [
            83.44960340340488,
            383.474626747581
        ],
        [
            201.36490776822055,
            458.2021846611714
        ],
        [
            166.16639960624485,
            424.9310178475147
        ]
    ],
    "#BF48EF": [
        [
            300.2314954632392,
            210.15548028840524
        ],
        [
            475.9629250510231,
            185.2278494450428
        ],
        [
            386.50667118634715,
            172.64253668774413
        ],
        [
            405.9463823116056,
            126.17971522636611
        ],
        [
            450.5024381919981,
            221.89106944275662
        ],
        [
            334.404382979867,
            242.71951266496154
        ],
        [
            374.6207643634097,
            205.92452977131396
        ],
        [
            359.61745732219646,
            194.35571666046087
        ],
        [
            360.7131213201965,
            175.28881560659383
        ],
        [
            494.2197278230185,
            135.82460701112916
        ],
        [
            376.5023067179799,
            219.98470654506826
        ],
        [
            396.9032807886876,
            177.55977730703606
        ],
        [
            361.70855590556795,
            288.3237248907199
        ],
        [
            403.0499163084443,
            158.0652879298133
        ],
        [
            332.55779276676316,
            198.86411816748935
        ],
        [
            367.85998891212677,
            207.01899339965345
        ],
        [
            360.58479074799925,
            228.27262429950326
        ],
        [
            397.0872968490721,
            137.1961438183573
        ],
        [
            477.744841585053,
            98.35222183980159
        ],
        [
            325.1167913351221,
            127.97097648120074
        ],
        [
            431.402432158317,
            118.53448937060767
        ],
        [
            409.1895369316967,
            177.82892653998033
        ],
        [
            369.66301608566874,
            180.49563708534458
        ],
        [
            427.8926830278564,
            68.65275947842647
        ]
    ],
    "#A82AD9": [
        [
            496.72379076539437,
            786.7864561277039
        ],
        [
            326.1735842245689,
            624.3203765475913
        ],
        [
            440.88306176696597,
            583.702299742559
        ],
        [
            484.1652128573232,
            615.8528906150525
        ],
        [
            380.5717057465346,
            795.7251449547146
        ],
        [
            430.6499312885337,
            668.3713590331325
        ],
        [
            416.84437812751185,
            807.1276902404163
        ],
        [
            455.49462114719825,
            628.7381080047045
        ],
        [
            525.8174550881778,
            582.7796399199682
        ],
        [
            507.82767687362343,
            697.0920490500123
        ]
    ],
    "#15D9B5": [
        [
            1104.0790584646838,
            75.9061609612699
        ],
        [
            1079.6514862709594,
            53.03418326817394
        ],
        [
            1114.3023545513777,
            75.76898497095627
        ],
        [
            1095.916664648965,
            32.76473983890429
        ],
        [
            1098.8080440201313,
            53.55557246027852
        ]
    ],
    "#218806": [
        [
            834.101577012497,
            16.15488219508898
        ],
        [
            832.0481003166224,
            13.834122338105008
        ],
        [
            827.3274870313901,
            13.294444625453155
        ],
        [
            838.0754828500309,
            15.195028159770182
        ],
        [
            836.1769816581404,
            13.717804233533109
        ],
        [
            835.9612294237947,
            13.162590221627315
        ],
        [
            834.7345221003075,
            13.79779095305059
        ],
        [
            832.5904850445615,
            14.44577602561586
        ],
        [
            837.8680101259598,
            12.963858328875158
        ],
        [
            839.2995539980312,
            19.05078772006157
        ],
        [
            838.8159342291926,
            15.682151240042987
        ],
        [
            832.824993397033,
            13.639249390134164
        ],
        [
            840.3718784920129,
            14.538748390650788
        ],
        [
            841.9757457602522,
            12.95129845086205
        ],
        [
            832.0526332407461,
            16.648891397521727
        ],
        [
            838.0042962288601,
            8.194641329702662
        ],
        [
            835.5297097893457,
            14.956033471030494
        ],
        [
            836.7354476509091,
            8.362059242910295
        ],
        [
            840.0165341336443,
            8.620646975494186
        ],
        [
            839.7687834208988,
            18.73707478425607
        ],
        [
            832.5931922303616,
            15.069635528620877
        ]
    ],
    "#B67373": [
        [
            801.4923141329105,
            162.9637735008668
        ],
        [
            774.1909143320697,
            210.34510532348781
        ],
        [
            774.6002889713322,
            216.60165714683484
        ],
        [
            819.0730875834704,
            228.2262227485254
        ],
        [
            777.0445274769609,
            206.5613691888363
        ],
        [
            761.3929398935195,
            137.53798400293866
        ],
        [
            732.4013070403978,
            191.77083652821725
        ],
        [
            774.0599502470494,
            206.4610282169862
        ],
        [
            803.3110016154808,
            174.96139501705903
        ],
        [
            795.9539373790916,
            234.26660962934008
        ],
        [
            775.1707606334691,
            208.58141927929339
        ],
        [
            786.1306166213277,
            204.5566324867878
        ],
        [
            735.8080864028432,
            239.4038356590208
        ],
        [
            715.365069168528,
            168.099664972164
        ],
        [
            798.7638805038546,
            201.65859235393617
        ]
    ],