{
    "#7FD7C9": [
        [
            776.3567713990948,
            131.25821048149686
        ]
    ],
    "#479440": [
        [
            98.64057953111589,
            490.6747675782814
        ],
        [
            220.94186650048795,
            404.91910398873324
        ],
        [
            119.36248422392532,
            543.1886753169838
        ],
        [
            248.19456499360734,
            526.7541191034358
        ],
        [
            386.0787918742866,
            497.01918341305435
        ],
        [
            172.07702797541336,
            468.9059321063349
        ],
        [
            407.5721875147939,
            521.1858483120002
        ],
        [
            266.4535642077072,
            483.21313781359123
        ],
        [
            271.2810226571579,
            508.9633413704645
        ],
        [
            265.101329316624,
            429.35828958981114
        ],
        [
            488.84325328927105,
            488.15230366948794
        ],
        [
            335.00667695048804,
            669.0519208698865
        ],
        [
            157.30207308959783,
            493.3266475308702
        ],
        [
            398.64987637847366,
            309.3335617699354
        ],
        [
            297.3091661208675,
            471.635711189089
        ],
        [
            295.26508995964,
            450.0295024236801
        ],
        [
            266.98379516496254,
            509.96798259508483
        ],
        [
            234.4615600800737,
            399.12062120124494
        ],
        [
            355.833989547255,
            441.41235258950877
        ],
        [
            289.43955892284464,
            473.74554132784584
        ],
        [
            422.9729312619147,
            521.356101240751
        ],
        [
            312.665497000776,
            269.08523728477905
        ],
        [
            313.07554161950696,
            431.8103396103653
        ]
    ],
    "#B8D11C": [
        [
            870.5218268436636,
            491.3353507478538
        ],
        [
            781.8774059531971,
            520.9836238753119
        ],
        [
            854.6875861382106,
            533.7780709218324
        ],
        [
            811.7051864990658,
            454.1979004036878
        ],
        [
            868.3354803441275,
            404.7130288868141
        ],
        [
            799.8750344451171,
            437.60109853578365
        ],
        [
            876.0029177984621,
            456.34072610299916
        ],
        [
            772.8856699858886,
            528.1755480108553
        ],
        [
            905.5126179074648,
            388.58011625470294
        ],
        [
            814.7921917658736,
            447.836883264561
        ]
    ],
    "#72320C": [
        [
            39.01776352747426,
            56.55280717321139
        ],
        [
            50.93799766891362,
            53.22200730862715
        ],
        [
            52.30032693856657,
            53.953127692057706
        ],
        [
            47.96175020105253,
            63.8559574437257
        ]
    ],
    "#99E61E": [
        [
            400.70680319479624,
            800.0641533153122
        ],
        [
            399.05795610031754,
            782.4937243424221
        ],
        [
            383.5248386285319,
            766.5015189266356
        ],
        [
            414.96523282915524,
            801.8851495033265
        ],
        [
            406.02390224954223,
            790.8678910885491
        ],
        [
            403.10845089959435,
            767.7183793817445
        ],
        [
            409.9046013411691,
            772.8538551147917
        ],
        [
            396.43133430806637,
            788.0195504796582
        ],
        [
            405.2833043992972,
            789.3944182457675
        ],
        [
            381.2921920529172,
            793.6344761335743
        ],
        [
            409.91711709133585,
            817.4895431270425
        ],
        [
            405.4005563477663,
            789.1747472844044
        ],
        [
            394.77116828305554,
            766.1365867164192
        ],
        [
            412.8673650303202,
            795.5919824633112
        ],
        [
            402.03071888579706,
            756.8962769388887
        ],
        [
            388.7304460315056,
            798.8967453338961
        ],
        [
            393.5744619145814,
            789.2790745242904
        ],
        [
            390.9616477026345,
            798.291559982398
        ]
    ],
    "#A7AAC0": [
        [
            129.92484900785004,
            187.06163094384286
        ]
    ],
    "#CC9972": [
        [
            497.1171951345088,
            859.3065167625847
        ],
        [
            498.27619184621994,
            852.4263916541702
        ],
        [
            490.77579448829226,
            853.5998899788053
        ],
        [
            469.97073100193074,
            852.6920699949394
        ],
        [
            469.3269819497294,
            848.5358975510645
        ],
        [
            497.6158095655915,
            862.657776339043
        ],
        [
            519.7608808140402,
            880.3431863880022
        ],
        [
            497.9975769523972,
            846.9926069422422
        ],
        [
            497.2400278132264,
            852.9977317413025
        ],
        [
            466.2538792391582,
            855.3889067625802
        ],
        [
            492.2226627926471,
            851.7816529527954
        ],
        [
            502.56377960208636,
            851.3000558318188
        ],
        [
            506.6874871379345,
            856.10221790009
        ],
        [
            504.8013690625835,
            837.3985554162147
        ]
    ],