{
    "#3797D8": [
        [
            840.0389928491162,
            140.25329466235556
        ],
        [
            880.0703302799758,
            178.81253468773312
        ],
        [
            855.1584039271904,
            96.96457197332384
        ],
        [
            835.6608314578119,
            215.3126114964677
        ],
        [
            899.1615155142638,
            152.08525429975424
        ],
        [
            848.5050787013982,
            81.78083897761647
        ],
        [
            858.3061186253708,
            112.39195844587465
        ],
        [
            754.9813943559847,
            195.4583391940991
        ],
        [
            818.8626013953269,
            89.36730936389762
        ],
        [
            834.4987788883799,
            135.4444795756309
        ],
        [
            819.0112034581274,
            161.78660190753897
        ],
        [
            843.9419914278116,
            140.8460008308171
        ]
    ],
    "#6AA132": [
        [
            290.22919207426037,
            400.94284951692504
        ],
        [
            326.5425290563359,
            424.26415266993996
        ],
        [
            374.91946734846783,
            336.8722959657627
        ],
        [
            266.5073955939773,
            379.6258390402132
        ],
        [
            295.62202984328337,
            390.7134889224793
        ],
        [
            426.83359904012855,
            357.18798122363717
        ],
        [
            457.36066876008806,
            363.0594099595942
        ],
        [
            359.1750291443169,
            295.2978342469413
        ],
        [
            386.28527643223003,
            365.1755423164152
        ],
        [
            396.58382992750944,
            277.65310178840974
        ],
        [
            352.48709177524734,
            232.0130203619895
        ],
        [
            373.90042434206566,
            225.4484265275579
        ],
        [
            322.21870124338466,
            424.88251169373467
        ],
        [
            385.66729712144075,
            323.6383098520381
        ],
        [
            464.1353653477432,
            285.1820762580031
        ],
        [
            383.2439272257112,
            336.78462691285927
        ],
        [
            371.2816783203457,
            244.33715631488587
        ],
        [
            304.5645965823377,
            231.33537004091977
        ],
        [
            322.8049388530237,
            335.0071796217026
        ],
        [
            305.20873116654184,
            227.2170882792206
        ],
        [
            447.9242494759388,
            388.3461655775659
        ]
    ],
    "#2E3BA8": [
        [
            1037.9850768549845,
            877.8219975804049
        ],
        [
            1037.625373238329,
            871.0343436118998
        ],
        [
            1035.6028613173696,
            876.3168879910185
        ],
        [
            1041.6517527922301,
            875.9560347495966
        ],
        [
            1032.0350084494905,
            879.3938877508822
        ],
        [
            1034.140713569412,
            872.3284095582401
        ],
        [
            1041.2557044931148,
            879.6557612191154
        ],
        [
            1037.2099846084875,
            876.4805532866447
        ],
        [
            1034.2222401705126,
            875.5821751049544
        ],
        [
            1036.91386565803,
            875.9332043782616
        ],
        [
            1036.57787034791,
            876.2568729110349
        ],
        [
            1037.8706035324014,
            877.0706695961034
        ],
        [
            1038.9453125993955,
            880.9605876956019
        ]
    ],
    "#A6B44C": [
        [
            677.2904896095142,
            875.6162373487584
        ],
        [
            673.5305283059777,
            873.0725875239617
        ],
        [
            677.58256096728,
            880.2532322877094
        ],
        [
            677.9491733465538,
            874.8524266734094
        ],
        [
            679.690804024069,
            875.0066256371638
        ],
        [
            675.943077584965,
            872.4820839436507
        ],
        [
            678.2832216828328,
            876.4382823679946
        ],
        [
            678.9312347568488,
            878.8749202346141
        ],
        [
            674.8630230521923,
            875.0357071996983
        ],
        [
            678.2923353167536,
            875.4393782302765
        ],
        [
            679.7711992123233,
            874.7659279644001
        ],
        [
            676.3538803909747,
            874.4045950689673
        ],
        [
            679.0484375041545,
            875.3326321769422
        ],
        [
            678.5458257073292,
            874.4551874811906
        ],
        [
            680.2911225782794,
            877.4442741204377
        ],
        [
            679.8319643998474,
            874.8095240465108
        ],
        [
            681.5049235392627,
            876.6749376073625
        ],
        [
            678.1954442786059,
            875.572684367072
        ],
        [
            680.8890007767812,
            879.3948340204203
        ],
        [
            676.3551300438952,
            878.1823355063209
        ],
        [
            679.3741113990291,
            872.504085416929
        ],
        [
            676.0239689511791,
            879.3710239324676
        ],
        [
            677.9266301046778,
            875.4503740350464
        ]
    ],
    "#29BDC8": [
        [
            601.9114550089898,
            228.64501623756144
        ],
        [
            670.5415758829922,
            217.52256485325415
        ],
        [
            697.3706435660727,
            222.57658347710546
        ],
        [
            606.7745389390158,
            243.29696311692777
        ],
        [
            640.1047509335784,
            234.0867891387867
        ],
        [
            651.423782769435,
            272.19474426695547
        ],
        [
            631.4574497643084,
            254.765642265426
        ],
        [
            636.4448376024383,
            231.50843937536916
        ],
        [
            647.9376123656858,
            275.8471925264563
        ]
    ],